,username,date,likes,retweets,replies,language,source,content
0,Miketherealakin,2023-05-15 17:33:17+00:00,0,0,0,en,,"When She Pays The Bill ğŸ˜³

#whopays #firstdate #dating https://t.co/QyLk7wlzRF"
1,MediaTLF,2023-05-15 17:30:00+00:00,0,0,0,en,,There you areâ€¦ the old and modern woman. Are you a sweet old grannie who knits scarves and mittens for her grandkids? Available on https://t.co/9Ln9k87Mug #dating #maturewoman #princefrog #romance https://t.co/TCLLCVbTrr
2,theprofilepros,2023-05-15 17:29:24+00:00,0,0,0,en,,"Here are 10 surprising facts about online dating profiles 

https://t.co/lUGe4w9TOv  

#datingtips #dating #relationships #datingadvice"
3,AnitaMura360202,2023-05-15 17:26:22+00:00,0,0,0,und,,"#Riyadh
#dating 
#massage 
#0597461601 https://t.co/z4EK0uV1PF"
4,AnitaMura360202,2023-05-15 17:25:18+00:00,0,0,0,und,,"#Riyadh
#dating
#massage
#0597461601 https://t.co/inUZv5dcUk"
5,AnitaMura360202,2023-05-15 17:24:26+00:00,0,0,0,und,,"#Riyadh
#dating
#massage 
#0597461601 https://t.co/6CR0zJuhJD"
6,EliteMatchNewP,2023-05-15 17:21:29+00:00,0,0,0,en,,"Dating in the modern world

Elite Connections International has amazing clients that are serious about finding the right person.

Contact the Elite Connections InternationalÂ at 800-923-4200
Website:Â https://t.co/UO5M4EPNlm

#matchmakingagency #dating #match https://t.co/epFYvwNJCe"
7,EliteMatchNYC,2023-05-15 17:20:40+00:00,0,0,0,en,,"Dating in the modern world

Elite Connections International has amazing clients that are serious about finding the right person.

Contact the Elite Connections InternationalÂ at 800-923-4200
Website:Â https://t.co/5Xg5HfQuca

#matchmakingagency #dating #match https://t.co/1kmeSyvzOt"
8,SelfPubShowcase,2023-05-15 17:20:11+00:00,1,0,0,en,,Do you ever wonder if you've passed up a person because you weren't ready or if you mistakenly let them go because they reminded you of an ex-lover? https://t.co/iKWZqzTyux @AuthorTHill #Relationships #Dating #Marriage
9,Matchmaker_LA,2023-05-15 17:20:05+00:00,0,0,0,en,,"Dating in the modern world

Elite Connections International has amazing clients that are serious about finding the right person.

Contact the Elite Connections InternationalÂ at 800-923-4200
Website:Â https://t.co/LrN5YVSoZ3

#matchmakingagency #dating #match https://t.co/AaglwGLBVs"
10,MatchmkerElite,2023-05-15 17:19:44+00:00,0,0,0,en,,"Dating in the modern world

Elite Connections International has amazing clients that are serious about finding the right person.

Contact the Elite Connections InternationalÂ at 800-923-4200
Website:Â https://t.co/WlE3c7tOYh

#matchmakingagency #dating #match https://t.co/f1IyiVIWAj"
11,EliteMatchBoca,2023-05-15 17:19:08+00:00,0,0,0,en,,"Dating in the modern world

Elite Connections International has amazing clients that are serious about finding the right person. 

Contact the Elite Connections InternationalÂ at 800-923-4200
Website:Â https://t.co/QPYdhT5EPa

#matchmakingagency #dating #match https://t.co/L7jPtIzbnU"
12,ETahna4215,2023-05-15 17:18:56+00:00,0,0,0,en,,"Available now ğŸ†ğŸ‘ğŸ’¦
#Exit 10, Alkhlij
#Asian girl, cuteğŸ¥° hot ğŸ”¥ and juicy ğŸ’¦
#bodytobody massageğŸ’†â€â™€ï¸ğŸ’†â€â™‚ï¸
#Dating and happy ending ğŸ”¥
#Whatsap +966594225640 https://t.co/UuQnbom5Lg"
13,DatingMindGames,2023-05-15 17:13:55+00:00,0,0,0,en,,The most difficult part of #dating is the initial invitation.
14,PleasureCoachx,2023-05-15 17:08:05+00:00,4,0,0,en,,"#menshealth #dating

Never seen this one... 

ğŸ¤”"
15,Bakocom,2023-05-15 17:05:13+00:00,0,0,0,en,,"Talk to him now! 72 from #Rockford #IL has signed up to https://t.co/svYwLgeiPe Send unlimited text, video, and voice messages. #dating #single https://t.co/54SbA2Luf9"
16,FastSeduction,2023-05-15 16:59:03+00:00,0,1,0,en,,"Practice active listening to show that you're engaged and interested in what others have to say.
#alpha #datingquotes #dating"
17,nellyshazshe,2023-05-15 16:58:07+00:00,0,0,0,und,,"#Riyadh
#Dating
#MassageFullBodyMassage
#Massage
#massagefullservice
0580936178 https://t.co/3Ly8sFEQ7X"
18,ReemDavid2,2023-05-15 16:51:56+00:00,0,0,0,en,,"For #dating &amp;#massage with happy  ending
 #khobar #dammam &amp;jubail #saudi Arabia
     0549683244 https://t.co/q97FWplOQK"
19,nakatotedd23025,2023-05-15 16:50:39+00:00,0,0,0,en,,"#Dating and #massage in JEDDAH
0561490680 https://t.co/EChAbMHp6C"
20,ShareCute158200,2023-05-15 16:49:02+00:00,1,0,0,hi,,"#massager
#dating
Available in Riyadh wady laban 0590829533 https://t.co/d8ZmdfkAix"
21,ReemDavid2,2023-05-15 16:47:59+00:00,0,0,0,en,,"For #dating &amp;#massage with happy  ending
 #khobar #dammam &amp;jubail #saudi Arabia
     0549683244 https://t.co/RpSgqHpWQI"
22,247robby,2023-05-15 16:47:17+00:00,1,0,0,nl,,"[905] #Eindhoven We hebben alle #beschikbare #dating #sites voor je op een rijtje gezet, bekijk ze allemaal en maak je #keuze. https://t.co/qmIRMBXObc https://t.co/v93tHcnhBl"
23,AdinNurah64595,2023-05-15 16:43:42+00:00,0,0,0,en,,"https://t.co/WQLDWqUpSg
#dating in Riyadh
#body to body massage
#vip dating
#massage with happy ending
    0599807317 https://t.co/rWe7UDWOG9"
24,design96335,2023-05-15 16:43:33+00:00,0,0,0,und,,"#massage_vip_riyadh 
#Dating
#wa.me/+966545924626 https://t.co/LtOeU92sZs"
25,design96335,2023-05-15 16:42:18+00:00,1,0,0,und,,"#massage_vip_riyadh 
#Dating
#wa.me/+966545924626 https://t.co/lEfSbLBZEn"
26,JoanAnuoluwa,2023-05-15 16:41:34+00:00,0,0,0,en,,"There is nobody you marry who doesn't have assets (good qualities) and liabilities (weakness).
Seek counseling. Get professional help for your relationship. You can book a one on one session with me. Link in my bio. 

#christiancoach #godly #wisdom #success #dating #relationship https://t.co/8DveDv5NOB"
27,ninamalik2023,2023-05-15 16:31:05+00:00,1,0,0,en,,"#dating in exit 10
# massage body to body
Available no
#whatsapp:0592502663 https://t.co/pVzVokU57T"
28,MoralRevolution,2023-05-15 16:30:32+00:00,0,0,0,en,,"When trying to find the right person for you, ask yourself if you could love them forever just the way they are. 

If there are too many core things you want to change about them, it may not be the best match.

#dating
#Moralrevolution https://t.co/nx8lWBg8s4"
29,Context_19,2023-05-15 16:19:52+00:00,2,0,0,da,,"#ModernFools #Women #Men #Dating 
#MADNESS#Delusional https://t.co/LoNcaTaARG"
30,br00t4c,2023-05-15 16:19:35+00:00,0,0,0,en,,"You Should Turn Video Dates Into Speed Dating

#DATING

https://t.co/CRsC1vZI84"
31,CatholicMatch,2023-05-15 16:15:47+00:00,0,0,0,en,,"Physical attraction is important..but Sarah makes a case for NOT making it the only qualification! https://t.co/jDqErcU15L

#CatholicMatch #Catholic #CatholicTwitter #OnlineDating #Dating"
32,Whip60262077295,2023-05-15 16:15:34+00:00,0,0,0,en,,â¤ï¸â¤ï¸About me: #dating #love Iâ€™m a honest and straightforward man ğŸ˜˜Welcome to join us https://t.co/eum6zFuwnc
33,Context_19,2023-05-15 16:12:16+00:00,2,0,0,en,,"#Dating #Study #Unprecedented #Men #Women #Delusion #Bamboozlement #Data #Modernwombmen
She explains well.
Many of you have gone loony tunes worshipping false narratives.. https://t.co/ZXjC9dmFqG"
34,SmartDateOver60,2023-05-15 16:10:12+00:00,0,0,0,en,,"How risky is it to date someone more than ten years older or younger?

Statistics on age-gap dating plus a look at its benefits...real and imagined.

#agegap #dating #singlelife

https://t.co/Q0HIry1c8C"
35,peterwalshshow,2023-05-15 16:09:43+00:00,0,0,0,en,,Friends with benefits heating up! #dating #relationship #relationships #friends #FriendsWithBenefit https://t.co/Te6BL2gQKB
36,theviralPink,2023-05-15 16:09:12+00:00,1,0,0,en,,"#Homophobic Gangs in #Nigeria Targeting LGBTQ+ Community with Kito Scam - Homophobic gangs in Nigeria have found a new way to extort money from the #LGBTQ+ community: using fake online #dating profiles to lure and blackmail them.

https://t.co/jHLirWxTTA https://t.co/83WWsYzYLp"
37,BabeDol96412008,2023-05-15 16:08:01+00:00,0,0,0,en,,"#Dating.
#massageinriyadh.
#bodytobodymassage.
#HappyEnding

Interested. 

https://t.co/Fsq37vvlm4 https://t.co/435DamsZUR"
38,Bakocom,2023-05-15 16:05:13+00:00,0,0,0,en,,"Talk to her now! 39 from #Saint Charles #Missouri has signed up to https://t.co/Da9Pdq0Xom Send unlimited text, video, and voice messages. #dating #single https://t.co/zMDzQgfE0e"
39,allauthor,2023-05-15 16:05:03+00:00,0,0,0,en,,"A great self-help book to make you stronger, happier, and more peaceful. Get a copy of ""Dating Me"" now. #dating #advice #mature #nonfiction  @AuthorAreatae Buy Now --&gt; https://t.co/KdUswOX8mr https://t.co/0yfr8vlNhT"
40,JamesHarre66155,2023-05-15 16:04:59+00:00,0,0,0,vi,,"Full Service 
Massage  in Jeddad nowâ¤ï¸
Russian and arab girls are available 
ğŸ¢ğŸ¢ğŸ©ğŸ¥°ğŸ€ğŸ€ğŸ’¯ğŸ’¯ğŸ˜ğŸ‘„
https://t.co/MxrO7grG4h
Dating in Jeddad now always available....
ğŸ‘…ğŸ‘…ğŸ˜›ğŸ˜›ğŸŒğŸŒğŸŒğŸ¥•ğŸ‘†ğŸ’¯
Táº£i vá» miá»…n phÃ­ táº¡i.
#massage_in_jeddah
#Dating
ğŸ’¦ğŸ’¦ğŸ’¦ğŸ’šğŸ’ğŸ’“ğŸ’“ğŸ’– 
https://t.co/nNdmljmmMo"
41,The_Love_Manual,2023-05-15 16:01:54+00:00,0,0,0,en,,"With patience, honesty, and understanding, you can build a meaningful relationship that complements your role as a parent.""
#datingadvice #singleparent #dating #datingwithchildren https://t.co/HBvUPtwwlv"
42,Zero3SR,2023-05-15 16:00:32+00:00,1,0,0,en,,"A women has a ton of options or guys talking to them. It might as well be YOU ğŸ˜

#attraction #dating #competition https://t.co/fOTRvaOoQc"
43,AdinNurah64595,2023-05-15 15:58:46+00:00,0,0,0,en,,"https://t.co/WQLDWqUpSg
#dating in Riyadh
#body to body massage
#vip dating
#massage with happy ending
      0599807317 https://t.co/pEKyXQoZkb"
44,CregTv,2023-05-15 15:56:43+00:00,0,0,0,en,,"Letâ€™s F*ckin Go! 

#podcast #dating #funny #datingpodcast https://t.co/bqPmRB9gOJ"
45,cynthia_sy60599,2023-05-15 15:51:55+00:00,1,0,0,en,,"#dating dating in Riya exit 9
Interested ğŸŒ¹ğŸŒ¹ğŸŒ¹ğŸŒ¹ğŸŒ¹ğŸŒ¹
https://t.co/VpsLSNr6ir https://t.co/BWVuId0rFJ"
46,ZeeNewsEnglish,2023-05-15 15:47:51+00:00,3,0,0,en,,"Do opposites attract? Exploring the reasons we fall for certain people

#dating #relationship 

https://t.co/ElLt2VFJId"
47,absolutelypsych,2023-05-15 15:46:00+00:00,1,1,0,en,,"Today's Spiritual Message May 15| Psychic Readings
Special: $1/Min + 3 Min Free Daily
Phone Readings:  1-800-498-8777  
Chat Readings: https://t.co/Waq5MYMAV4 
#relationships #tarot #astrology #horoscope #women #spirituality #spiritual #psychic #psychicreading #dating https://t.co/dkvznbLvVE"
48,Love_Metaverse_,2023-05-15 15:45:21+00:00,2,0,1,en,,"Hey @everyone ğŸ‘‹
 We are so excited to share with you all about a new #datingapp that is coming soon for the new generationğŸ¤©
This app is all about finding #love or partnership based on personality, not just face and body. 

#dating #artificialintelligence #match #matching #nft https://t.co/FOOZqAKkMY"
49,SartainClips1,2023-05-15 15:39:59+00:00,0,0,0,en,,"Finding the right guy

@whatever
@RationalMale
@Waller7J

ğŸ”¥Want to network with desirable women and high status men? Hit the link ğŸ‘‰ https://t.co/Fr0VFzUntt

 #podcast #women #dating https://t.co/Tc3eyO3kC7"
50,DaniaJamir77429,2023-05-15 15:37:42+00:00,2,0,0,de,,"Massage and dating JEDDAH
#massage and #dating in jeddah
ğŸ’–0531079629 https://t.co/FZykYCMLmw"
51,datinglove_tips,2023-05-15 15:34:22+00:00,0,0,0,en,,Anti Social â€“ A Modern #Dating Scary Story|Comic Relief Originals https://t.co/qu25ErgItI #Videos
52,MatchmakerLorii,2023-05-15 15:31:25+00:00,0,0,0,en,,"#DailyQ

What are your thoughts?

#relationships #dating #thoughts https://t.co/63TVhrFIKy"
53,Viki,2023-05-15 15:28:05+00:00,21,4,1,en,,"Donâ€™t miss the 5/18 return of the hottest South Korean reality dating show in town: Catch #HeartSignal4 on #Viki!

#í•˜íŠ¸ì‹œê·¸ë„4 #í•˜íŠ¸ì‹œê·¸ë„ #kreality #kvariety #krealityshow #kvarietyshow #datingshow #dating #koreandatingshow #heartsignal https://t.co/EG8THPCVn2"
54,Context_19,2023-05-15 15:27:16+00:00,0,0,0,en,,"#FREEMEAL #DATING #MEN #WOMEN
This is pathetic.
Have you no shame?
They are making  others look bad...You greedy and selfish #$@$! ğŸ˜ğŸ˜‚ğŸ¤£ https://t.co/y8pPIvOg2j"
55,ethosmedianet,2023-05-15 15:13:31+00:00,0,0,0,en,,"ğŸ“£ New Podcast! ""Bus Drivers are Mediocre - Ep. 1 - Season 2"" on @Spreaker #black #bus #ceo #dating #driver #eboni #employee #iyanla #k #marriage #men #people #relationship #williams #women #worker https://t.co/P72aiT3eo3"
56,DaytonaTweeting,2023-05-15 15:07:01+00:00,0,0,0,en,,My #relationship #relationshipgoals #ebook Dating After Divorce #borrow #divorce #soulmate #dating #newlove https://t.co/xFeb75u6Oc
57,Bakocom,2023-05-15 15:05:14+00:00,0,0,0,en,,"Talk to him now! 51 from #Secaucus #NJ has signed up to https://t.co/vKer1LM4ng Send unlimited text, video, and voice messages. #dating #single https://t.co/Keio4Ahkxw"
58,Karachispa62,2023-05-15 15:04:51+00:00,0,0,0,en,,"Real meeting possible
Location KARACHI
Must send screen shot or call 0318-3800062
Open 1Pm
Close 8Pm
#karachimassagecenters
#karachimassagecenter
#spainkarachi
#dating https://t.co/lI9Z1yDeTu"
59,ComeOnManPOD,2023-05-15 15:03:04+00:00,10,4,0,en,,"The SHOCKING truth about monogamy... w/ @chris_kokoski

Watch the full episode ğŸ‘‰ https://t.co/VCTonFrXZw

#monogamy #dating #relationship #marriage #comeonmanpodcast https://t.co/Fk2UxOX6eR"
60,godnthemachine,2023-05-15 15:02:15+00:00,0,0,0,en,,"Ready to spice up your love life? Let's uncover the secrets to successful dating!

If you want to learn more please visit the website below!
https://t.co/84hfRxL9kV
https://t.co/AGF6Byljye
https://t.co/8dRljwctSvÂ 
Â #dating #datingtips #datingadvice https://t.co/deEvWtbY06"
61,godnthemachine,2023-05-15 15:02:02+00:00,0,0,0,en,,"Break the stigma!ğŸ‰ Let's talk about the secrets tips of dating and explore the question, ""Is there a death of marriage?"" Get ready to be excited as we dive into this exciting topic and uncover some fascinating insights! ğŸ˜

Â #dating #datingtips #datingadvice https://t.co/aa7QIOfqkZ"
62,godnthemachine,2023-05-15 15:02:01+00:00,0,0,0,en,,"Ready to uncover the secrets of modern dating and put an end to the death of marriage? Let's dive in and discover how to keep the sparks flying! ğŸ”¥ğŸ’•

Â #dating #datingtips #datingadvice https://t.co/FTWLXjiH0X"
63,BrandofSexy,2023-05-15 15:00:56+00:00,0,0,0,en,,Are you too picky in Dating? These signs say YES! https://t.co/1Y7U3o34n7 #date #dating #datingsecrets #successfuldating #datingsucceess #picky #pickyindating https://t.co/CMy5ZBqjwv
64,ShareCute158200,2023-05-15 14:52:37+00:00,2,0,0,tl,,"#masaager
#dating
Available in Riyadh wady laban exit 33 0590829533 https://t.co/IKoULhFkyg"
65,flirt1to1,2023-05-15 14:45:01+00:00,0,0,0,en,,"What is Flirt1to1, exactly? We've got the answer... https://t.co/JfZl0bGA04 #phonesex #dating"
66,MicMic618,2023-05-15 14:41:23+00:00,0,0,0,en,,"First they say oh she 19, she to young. Then they say, oh she 45, she to old. ğŸ¤£ğŸ˜®â€ğŸ’¨ #dating"
67,ShareCute158200,2023-05-15 14:38:48+00:00,1,0,0,hi,,"#massager
#dating
Available in Riyadh wady laban 0590829533 https://t.co/uqKoZyfPtG"
68,HOLRmagazine,2023-05-15 14:38:43+00:00,0,0,0,en,,"Are Tom Brady and Kim Kardashian dating? #TomBrady #kimkardashian #dating 

https://t.co/gGuJMbkCl9"
69,SmartDateOver60,2023-05-15 14:38:11+00:00,0,0,0,en,,"What is the best ""age gap"" between partners to ensure a great relationship?

These studies reveal the surprising answer.
#dating #relationships

https://t.co/7VLDQywLK9"
70,LatifNash176444,2023-05-15 14:36:22+00:00,0,0,0,und,,"#Riyadh
#Dating
#MassageFullBodyMassage
#Massage
#massagefullservice
0595232663 https://t.co/tqjOIEjQ2c"
71,JulianaJoyCoac2,2023-05-15 14:35:16+00:00,0,0,0,en,,Has that happened to you? Getting a crush over a man who you didnâ€™t like initially? I can help you break the cycle ğŸ”¥ tap â• and get the Bring Him Closer Masterclass in b!o #attachmentstyle #datingadviceforwomen #dating #love #relationships https://t.co/QXMmWyo0Pg
72,coachbennydatng,2023-05-15 14:27:59+00:00,0,0,0,en,,The only 2 reasons why exes come back after they dump you #dating #love #exgf #exbf https://t.co/zCHLgJ3390
73,ErikaLi330856,2023-05-15 14:26:09+00:00,0,0,0,vi,,"Full Service 
Massage  in Jeddad nowâ¤ï¸
Russian and arab girls are available 
ğŸ¢ğŸ¢ğŸ©ğŸ¥°ğŸ€ğŸ€ğŸ’¯ğŸ’¯ğŸ˜ğŸ‘„
https://t.co/Wu2fQX7M5b
Dating in Jeddad now always available....
ğŸ‘…ğŸ‘…ğŸ˜›ğŸ˜›ğŸŒğŸŒğŸŒğŸ¥•ğŸ‘†ğŸ’¯
Táº£i vá» miá»…n phÃ­ táº¡i.
#massage_in_jeddah
#Dating
ğŸ’¦ğŸ’¦ğŸ’¦ğŸ’šğŸ’ğŸ’“ğŸ’“ğŸ’– 
https://t.co/lNnBOX8GFu"
74,MeganUsher2146,2023-05-15 14:24:54+00:00,2,0,0,und,,"#massage_vip_riyadh 
#dating
#datinginriyadh 
0583316250 https://t.co/2zqCRmcser"
75,peterwalshshow,2023-05-15 14:23:00+00:00,0,0,0,en,,The circus is a great dating idea! #dating #relationship #relationships #circus #circusbaby #husband #wife #boyfriend #girlfriend #GIRLFRIEND https://t.co/t7uwIgCD4f
76,Mary_Girl2022,2023-05-15 14:21:57+00:00,0,0,0,de,,"Geiles Date gewÃ¼nscht? Schau dir die Bilder meiner Freundin an.  https://t.co/1ggxpnfqe2 Hallo ich heiÃŸe Leah und bin ganz NEU hier.

Ich freue mich Ã¼ber schÃ¶ne GesprÃ¤che und neue Bekanntschaften.

Also warte nicht lange und schreibe mir :) #dating #treffen #cam2cam https://t.co/hRYobDTwHt"
77,BiancaMueller69,2023-05-15 14:21:15+00:00,0,0,0,de,,"Sie ist so schÃ¶n und wartet auf ein Date mit dir: https://t.co/hecgdngsmE #dating #hotgirl
Hallo ich heiÃŸe Leah und bin ganz NEU hier.

Ich freue mich Ã¼ber schÃ¶ne GesprÃ¤che und neue Bekanntschaften.

Also warte nicht lange und schreibe mir :) https://t.co/8xrr0nI5QK"
78,Seniordating70,2023-05-15 14:20:00+00:00,132,8,6,en,,"Searching for an honest soulmateğŸ‘‡ğŸ‘‡
https://t.co/hBT8s1uyYk
.
.
.
#soulmate #soulmate2023 #soulmateau #Soulmates #Senior #seniors #dating #CougarNation #cougartown #mature2023 #MatureCompanion #matureaunty #over40 #over40club #over40women #Over50 #over50women #FYP https://t.co/DWhhgbCrCY"
79,flawlessworld__,2023-05-15 14:19:29+00:00,1,0,0,en,,"Cute and creative options â˜€ï¸ 

#dateideas #summer #summerlove #dating 

https://t.co/BYWHceUx0E"
80,IuliaCalota,2023-05-15 14:16:22+00:00,0,0,0,en,,"Self-imposed celibacy is gaining momentum. I write about this at length in the pages of my memoir, The Love Project. #Lifestyle #Sexlife #celibacy #Dating 
https://t.co/urGgB5qbos"
81,Valentina9367,2023-05-15 14:13:18+00:00,0,0,0,de,,"HeiÃŸes Date gefÃ¤llig? Meine Freundin hat neue Fotos: https://t.co/hVTmVD32ow ich heiÃŸe Leah und bin ganz NEU hier.

Ich freue mich Ã¼ber schÃ¶ne GesprÃ¤che und neue Bekanntschaften.

Also warte nicht lange und schreibe mir :) #dating #girls https://t.co/wNq6a5rnWL"
82,stoicmatchmaker,2023-05-15 14:11:23+00:00,0,0,0,en,,"Puppy Love https://t.co/w4tUbcBIlu via @YouTube 
#poems #lifecoach #meditation #christian #relationships #dating"
83,Bakocom,2023-05-15 14:05:07+00:00,0,0,0,en,,"Talk to her now! 28 from #Tagbilaran #Visayas Bohol has signed up to https://t.co/tGg2PZta0h Send unlimited text, video, and voice messages. #dating #single https://t.co/VzarpGAwQ8"
84,watson_de,2023-05-15 14:01:08+00:00,0,0,0,de,,Darf eine Single-Mama nur eine:n potenzielle:n Partner:in mit Kind daten? Unsere Autorin geht dieser Frage in ihrer #Kolumne auf den Grund. #Dating #Single #Mama https://t.co/vvoaaScyao
85,Rachaels1Week,2023-05-15 14:00:21+00:00,0,0,0,en,,People Are Revealing The Dating Safety Tips They Swear By https://t.co/cEznaTgp26 #dating #safety #tips
86,KLRich4,2023-05-15 14:00:19+00:00,0,0,0,en,,"ğŸ“£ New Podcast! ""Haters Who Do Not Like You and How to Deal"" on @Spreaker #abuse #borderline_personality #counseling #dating #depression #emotional_abuse #emotions #family #marriage #mental_health #mental_illness #narcissism #narcissistic_personality https://t.co/5sGoVnKSFX"
87,theSingleSeason,2023-05-15 13:57:35+00:00,0,0,0,en,,No Dates? â€“ #Women keep turning me down! #thesingleseason https://t.co/ynnIJEuib3 #Rejection #dating
88,FriendlyMony,2023-05-15 13:57:28+00:00,2,2,0,en,,"Check out our FREE Dating App-FriendlyMony
Now Enjoy Unlimited FREE chat &amp; FREE video calls with unlimited Match

Download:https://t.co/mDkg7wDraV 

Web:https://t.co/gIXYEsVaVJ

#FriendlyMony #Dating #DatingApp #ThankUNaveen4DubaiFlight #100hrs #à¤­à¤¾à¤œà¤ªà¤¾_à¤•à¤¾_à¤¶à¤°à¤¾à¤¬_à¤˜à¥‹à¤Ÿà¤¾à¤²à¤¾ #dkshivkumar https://t.co/1UOLOtwWF5"
89,BZeedah,2023-05-15 13:53:57+00:00,5,0,0,de,,"Massage and dating JEDDAH
#massage and #dating in JEDDAH
ğŸ’– 0531079629 https://t.co/UkyMBCjIv4"
90,Next_is_love,2023-05-15 13:45:05+00:00,1,0,0,en,,"Single?
This weekend we are holding a dinner date  event for people who want to fall in love.
International event!
Sat 20. Goukon Japanese men Ã— Foreign women. https://t.co/nyV5LN1AqS
Sun 21. Goukon Japanese women Ã— Foreign men. https://t.co/LFHFoIMEvI
#Tokyo #singles #dating"
91,advertenpr,2023-05-15 13:37:57+00:00,0,0,0,en,,"Looking to start your week off with some extra earnings from dating traffic? Look no further than Adverten! Visit us today to start maximizing your profits.

Contact your private manager for more information 

#adverten #affiliatemarketing #dating https://t.co/6JvpWTA25G"
92,mateconnector,2023-05-15 13:34:57+00:00,1,1,0,en,,"Have you checked out https://t.co/XLpaOh5a3c? Also here is another podcast episode 5 that we are excited to sponsor.
The We Are Marshall Podcast Season 1 Episode 5 https://t.co/xTFKsXqfbb 
#dating #datingapps #soulmate #podcast #NewsUpdate #politicstoday #SportsUpdate"
93,mateconnector,2023-05-15 13:25:26+00:00,1,1,0,en,,"Good morning check out esp 4 of The We are Marshall Podcast. Please like and share. 
The We Are Marshall Podcast Season 1 Episode 4 https://t.co/p0QqPObx4H 

#dating #soulmate #podcast #politics #news #sports #relationships #SingleAndMingle"
94,Vrouwenpagina,2023-05-15 13:18:31+00:00,0,0,1,nl,,"Julia Koopman liet ChatGPT haar date bepalen: â€˜Ik was bloednerveusâ€™ https://t.co/CH51SdcwLh via @parool 

#JuliaKoopman #MeMyselfAI #ChatGPT #dating"
95,GalmaRammy35089,2023-05-15 13:18:19+00:00,2,0,0,en,,"#dating in Riyadh exit 9
Interested ğŸ’¦ğŸ’¦ğŸ¥µğŸ¥µğŸ¥µğŸ’¦ğŸ’¦ğŸ’¦
https://t.co/0v9QWarZ1J https://t.co/8hCGdTMmtB"
96,Talk121Chat,2023-05-15 13:16:00+00:00,0,0,0,en,,Chat with other #PompanoBeach singles (https://t.co/8xglJEsJ6l) on a #dating line!
97,Letsthink1tOver,2023-05-15 13:14:34+00:00,0,0,0,en,,"FEMINIST SAYS MEN NEED TO BE TRAINED @whatever
#whatever #dating #podcast #masculinity #letsthinkitover #viral #shorts https://t.co/2DaRJpZdFV"
98,BabeDol96412008,2023-05-15 13:13:10+00:00,0,0,0,en,,"#Dating.
#massageinriyadh.
#bodytobodymassage.
#HappyEnding

Interested. 

https://t.co/Fsq37vvlm4 https://t.co/Sk796MZIMs"
99,NyambuNyam86547,2023-05-15 13:12:16+00:00,1,0,0,en,,"#massage 
#dating 
Available in Riyadh exit 33 0590829533 https://t.co/ycnrkO5Oco"
100,NyambuNyam86547,2023-05-15 13:11:46+00:00,0,0,0,en,,"#Massage 
#Dating .
Available in Riyadh exit 33 0590829533 https://t.co/uEi6cTzYes"
